ASP, 4ZOZ, METHOD 1:
56: 0.0059129445861
62: 0.0132582494273
66: 0.000671835933464
89: 6.88753289746e-06
91: 7.25882929849e-05
92: 1.3110695496e-05
101: 8.23664089107e-05
136: 0.00134515865542
140: 0.00020146461534
153: 9.11632158206e-07
161: 0.000359992912477
202: 0.000728046220591
213: 0.00013139489092
222: 5.87287585196e-05
225: 1.75369701419e-06
251: 7.43803147008e-08
261: 2.81207536197e-06
268: 9.2102738041e-06
281: 1.45380682257e-05
293: 0.000301164964587
379: 4.42048492574e-06
399: 0.000350717852256
406: 4.62504128621e-06
424: 9.48048693325e-05
451: 5.12665131497e-05
458: 0.000168440668966
524: 0.000374070056261
525: 6.33635268351e-05
56: 0.000185170347706
62: 1.93314988558e-05
66: 2.29239927328e-05
89: 7.95896420416e-06
91: 9.30508769527e-05
92: 3.88872007487e-05
101: 0.000609245167573
136: 2.86584769452e-05
140: 1.1682988383e-05
153: 0.000102602497136
161: 8.21870472653e-07
202: 0.000160005609053
213: 0.000751931673108
222: 8.85891106087e-05
225: 0.00551815456085
251: 1.46812973299e-08
261: 0.000163502347866
268: 0.000189112494504
281: 2.54224386542e-06
293: 0.00154603269929
379: 3.23307535282e-06
399: 0.000311056762182
406: 0.00011106705407
424: 5.1136129836e-05
451: 0.000356363001246
458: 5.78463109388e-05
524: 2.87501782095e-06
525: 6.3650901998e-06
