LEU, 4ZOZ, METHOD 3:
76: 0.512697084398
100: 0.488244499345
129: 0.492232979942
145: 0.544672619156
149: 0.512017269731
155: 0.488772002981
177: 0.490350641928
183: 0.479511164705
209: 0.506815297905
221: 0.470066862322
238: 0.499483629171
253: 0.495358562622
254: 0.517799510946
255: 0.499004823304
264: 0.467075646546
278: 0.492431921095
289: 0.480973846095
302: 0.534624440729
328: 0.496673535388
331: 0.46593002637
371: 0.522588376078
374: 0.466128849009
384: 0.557067344059
393: 0.452017997635
413: 0.494420229299
417: 0.518178287639
444: 0.505661152042
445: 0.477683836407
459: 0.467678253297
491: 0.475182012409
508: 0.461053827085
529: 0.460816314586
76: 0.524502928004
100: 0.488490991042
129: 0.49754117432
145: 0.563034486565
149: 0.539053426238
155: 0.500319690898
177: 0.485773791485
183: 0.489104870152
209: 0.480269523257
221: 0.466675322415
238: 0.484983975758
253: 0.506508058308
254: 0.52884871179
255: 0.537354581656
264: 0.496481994781
278: 0.519334917282
289: 0.468623613521
302: 0.526652709106
328: 0.509524046672
331: 0.443343910289
371: 0.535714512971
374: 0.485604906803
384: 0.575389773271
393: 0.481593622675
413: 0.503543856266
417: 0.47990966093
444: 0.510100692264
445: 0.488305793453
459: 0.455961496258
491: 0.46435471836
508: 0.468213642826
529: 0.470565947336
