GLU, 4ZOZ, METHOD 2:
54: 0.001449994
87: 0.007594884
134: 0.00195219883333
185: 0.0055953595
188: 0.002337754
190: 0.00094917066667
191: 0.001472755
260: 0.00266362716667
262: 0.000145118999999
299: 0.000143859166666
382: 0.00361419383333
423: 0.004511662
430: 0.00284971433334
494: 0.00194602733333
503: 0.00472194016666
514: 0.00238395433333
517: 0.00547600966667
532: 0.001553772
54: 0.009619196
87: 0.0050710495
134: 0.001046252
185: 0.00503908533333
188: 0.000648404000001
190: 0.00410821983333
191: 0.001528151
260: 0.00155662516667
262: 0.0014752365
299: 0.0001399945
382: 0.003294925
423: 0.0037967545
430: 0.00966037283333
494: 0.00228594133333
503: 0.000324763999999
514: 0.00489532
517: 0.00770006866666
532: 0.0027944675
