GLU, 4ZOZ, METHOD 3:
54: 1.03301387009e-05
87: 0.000284210139771
134: 1.89529888877e-05
185: 0.000152277197694
188: 2.65997173106e-05
190: 4.46897591466e-06
191: 1.05954354925e-05
260: 3.42648242331e-05
262: 1.05474235568e-07
299: 1.03289059084e-07
382: 6.31595096436e-05
423: 0.000100992507063
430: 4.09328648736e-05
494: 1.86949599925e-05
503: 0.000110874592072
514: 2.81745171709e-05
517: 0.000144173199715
532: 1.20698889585e-05
54: 0.000449991785307
87: 0.00012606992547
134: 5.45112504646e-06
185: 0.000124574928848
188: 2.05734037984e-06
190: 8.33547958656e-05
191: 1.1533151886e-05
260: 1.18109493137e-05
262: 1.0901440282e-05
299: 9.74720597569e-08
382: 5.24439818346e-05
423: 7.20748172869e-05
430: 0.000471836160174
494: 2.54674248703e-05
503: 5.20407945181e-07
514: 0.00011774226072
517: 0.000290790858809
532: 3.88527959796e-05
