LEU, 4ZOZ, METHOD 2:
76: 0.4366072455
100: 0.433905783
129: 0.436453762
145: 0.445322511
149: 0.439954598
155: 0.431976706333
177: 0.433655633667
183: 0.433231838
209: 0.440497660333
221: 0.419933735
238: 0.434911671333
253: 0.435738413
254: 0.441784579
255: 0.447504185833
264: 0.430001046167
278: 0.4297608075
289: 0.430007607
302: 0.444060480167
328: 0.4414488875
331: 0.421218252
371: 0.444084609
374: 0.431080140167
384: 0.453245829167
393: 0.423395775
413: 0.442027933333
417: 0.439709836667
444: 0.437233708333
445: 0.440359440167
459: 0.430490638167
491: 0.432731955333
508: 0.429306247
529: 0.427866138333
76: 0.443554737333
100: 0.437270170833
129: 0.436832894
145: 0.450636039667
149: 0.447122468333
155: 0.438500559
177: 0.434506304667
183: 0.4326766295
209: 0.435729152667
221: 0.416019175
238: 0.430264062
253: 0.440007182667
254: 0.447812608667
255: 0.454569977
264: 0.434760531667
278: 0.438578726
289: 0.4284408405
302: 0.441651457667
328: 0.4415205205
331: 0.416745698
371: 0.4452045735
374: 0.438332155833
384: 0.453147319
393: 0.4367688965
413: 0.441453848
417: 0.435353647
444: 0.4414970155
445: 0.434868918
459: 0.423241373167
491: 0.428669729
508: 0.429637205333
529: 0.4333669525
