ASP, 4ZOZ, METHOD 2:
56: 0.0037727905
62: 0.00510710066667
66: 0.00311378166667
89: 0.00167887533333
91: 0.00237866566667
92: 0.00287208483333
101: 0.00138202566666
136: 0.00591456016667
140: 0.00132159133333
153: 0.000681305999999
161: 0.0077542135
202: 0.0183781343333
213: 0.00138217066667
222: 0.002201977
225: 0.0011682
251: 0.000174482499999
261: 0.000851188999996
268: 0.00185727666667
281: 0.002446668
293: 0.006369072
379: 0.00178509333333
399: 0.0086899465
406: 0.00165649566667
424: 0.00779980633333
451: 0.00343626266666
458: 0.0116568511667
524: 0.00580477533334
525: 0.00622943433334
56: 0.00320979483333
62: 0.00188570466667
66: 0.000384776666667
89: 0.0012361405
91: 0.00441398533333
92: 0.00283148233333
101: 0.003136691
136: 0.00262504533333
140: 0.001355575
153: 0.00896865866666
161: 0.000680857666669
202: 0.010306779
213: 0.00203426466666
222: 0.00539736833333
225: 0.0103050896667
251: 7.0709999998e-05
261: 0.00671177933333
268: 0.009285289
281: 0.00105397133333
293: 0.005021964
379: 0.001007515
399: 0.0139399653333
406: 0.00528241266667
424: 0.00397809916667
451: 0.00321173633333
458: 0.005479905
524: 0.000475603666665
525: 0.00154771883333
