ASP, 4ZOZ, METHOD 3:
56: 7.14102631214e-05
62: 0.000126183704173
66: 4.79461589311e-05
89: 1.38806703802e-05
91: 2.82409685095e-05
92: 4.01677234212e-05
101: 9.45092047822e-06
136: 0.000176947299655
140: 8.6192746851e-06
153: 2.31521811056e-06
161: 0.000288540327348
202: 0.00165214084794
213: 9.14788487183e-06
222: 2.40267490135e-05
225: 6.77607835531e-06
251: 1.47974917653e-07
261: 3.44581077805e-06
268: 1.73073553666e-05
281: 2.94708318416e-05
293: 0.000193271716682
379: 1.58015556035e-05
399: 0.000356988141998
406: 1.34002875054e-05
424: 0.000300631466962
451: 5.75460539878e-05
458: 0.000662336444801
524: 0.000166384138031
525: 0.000191970431043
56: 5.1231516089e-05
62: 1.75517067058e-05
66: 7.34472621389e-07
89: 7.51551923273e-06
91: 9.63565719854e-05
92: 3.94420760035e-05
101: 4.85518463265e-05
136: 3.44770050802e-05
140: 9.03596587865e-06
153: 0.000398690665529
161: 2.2632302823e-06
202: 0.000525997501044
213: 2.04626789415e-05
222: 0.000144803487815
225: 0.000532804249404
251: 2.40545556807e-08
261: 0.000216283088511
268: 0.000433989373914
281: 5.45643122862e-06
293: 0.000125475713416
379: 5.05700539932e-06
399: 0.000931526695977
406: 0.000136050301438
424: 7.86124427465e-05
451: 5.00741358564e-05
458: 0.000147653121658
524: 1.12204631364e-06
525: 1.19063442847e-05
