LEU, 4ZOZ, METHOD 1:
76: 0.777183450045
100: 2.84799393229
129: 0.531517456659
145: 0.336311015855
149: 1.7744340518
155: 1.17678250163
177: 0.246635190008
183: 0.64114686516
209: 0.963777548158
221: 0.347784461737
238: 0.209269291265
253: 2.82197431854
254: 0.277428322608
255: 0.191231100587
264: 0.600465024007
278: 0.492716300484
289: 0.205411190514
302: 0.401638093206
328: 0.242535235197
331: 0.355536010782
371: 2.48351200205
374: 1.59802458968
384: 1.59752416172
393: 0.722091366073
413: 1.46472445318
417: 1.33570320099
444: 2.17145414288
445: 0.772463178746
459: 0.230279974971
491: 0.252657442515
508: 2.40554432425
529: 1.88583656669
76: 2.50590545345
100: 0.601425909701
129: 0.292163675417
145: 2.75731712722
149: 1.78439651913
155: 1.08083727918
177: 1.0631246296
183: 0.263070958209
209: 0.940306111198
221: 0.357985104853
238: 0.280823064304
253: 0.794067883769
254: 1.0892985608
255: 0.508316275981
264: 0.303159881448
278: 0.332543431948
289: 0.222064239505
302: 2.88862333616
328: 0.184637738757
331: 0.257979037366
371: 0.443394687539
374: 0.319769820624
384: 3.06720155667
393: 0.734048279919
413: 1.03879973484
417: 1.98742170653
444: 0.652658377293
445: 0.577483189604
459: 0.619767479066
491: 1.4823612432
508: 0.769798178991
529: 0.696230392853
